Workbook

Sheet 기록필요항목
A1: 부위 | B1: PAPS 체력요소 | C1: 측정 항목 | D1: 단위 | E1: 측정 방법 | F1: 권장 측정 주기 | G1: 점수 방향
A2: 전신(심폐) | B2: 심폐지구력 | C2: 왕복오래달리기(셔틀런) | D2: 회 | E2: 정해진 구간을 신호음에 맞춰 왕복 달리기, 탈락까지 횟수 기록 | F2: 월 1회 | G2: H
A3: 전신(심폐) | B3: 심폐지구력 | C3: 오래달리기-걷기 | D3: 분:초 | E3: 일정 거리를 달리고 걸어서 완주한 시간 기록 | F3: 월 1회 | G3: L
A4: 전신(심폐) | B4: 심폐지구력 | C4: 스텝검사(PACER) | D4: 단계 | E4: 일정 박자에 맞춰 스텝박스 오르내리며 도달 단계 기록 | F4: 월 1회 | G4: H
A5: 하체/허리 | B5: 유연성 | C5: 앉아윗몸앞으로굽히기 | D5: cm | E5: 다리 뻗고 앉아 상체를 굽혀 손끝이 닿는 거리 기록 | F5: 월 1회 | G5: H
A6: 팔/손 | B6: 근력·근지구력 | C6: 악력(좌) | D6: kg | E6: 악력계로 왼손 최대 쥐는 힘 측정 | F6: 월 1회 | G6: H
A7: 팔/손 | B7: 근력·근지구력 | C7: 악력(우) | D7: kg | E7: 악력계로 오른손 최대 쥐는 힘 측정 | F7: 월 1회 | G7: H
A8: 상체(가슴/팔) | B8: 근력·근지구력 | C8: 팔굽혀펴기 최대횟수 | D8: 회 | E8: 정자세로 연속 수행 가능한 최대 횟수 기록 | F8: 2주 1회 | G8: H
A9: 코어 | B9: 근력·근지구력 | C9: 윗몸말아올리기 | D9: 회 | E9: 정해진 박자에 맞춰 연속 수행 횟수 기록 | F9: 2주 1회 | G9: H
A10: 코어 | B10: 근력·근지구력 | C10: 플랭크 최대 유지시간 | D10: 초 | E10: 정자세 플랭크를 무너질 때까지 유지한 시간 기록 | F10: 2주 1회 | G10: H
A11: 하체 | B11: 순발력 | C11: 제자리 멀리뛰기 | D11: cm | E11: 제자리에서 최대한 멀리 뛴 거리 기록 | F11: 월 1회 | G11: H
A12: 전신 | B12: 신체조성 | C12: 체중 | D12: kg | E12: 체중계로 측정 | F12: 주 1회 | G12: -
... A19: 팔(보충) | B19: 근력·근지구력(보충) | C19: 딥스 최대횟수 | D19: 회 | E19: 의자/벤치 딥스 연속 수행 최대 횟수 기록 | F19: 2주 1회 | G19: H
A21: ※ 점수 방향: H=높을수록 좋음, L=낮을수록 좋음, -=계산용(직접 채점 안 함)
A22: ※ 운동 시간·종목처럼 단순 표시용 항목은 제외하고, 수치 측정·기록이 필요한 체력요소만 정리했습니다.

Sheet 기록입력
A1: 날짜 | B1: 부위 | C1: 측정 항목 | D1: 측정값 | E1: 단위(자동) | F1: 비고
A2: 46207 | B2: =IFERROR(INDEX(기록필요항목!$A$2:$A$19,MATCH(C2,기록필요항목!$C$2:$C$19,0)),"") -> 상체(가슴/팔) | C2: 팔굽혀펴기 최대횟수 | D2: 25 | E2: =IFERROR(INDEX(기록필요항목!$D$2:$D$19,MATCH(C2,기록필요항목!$C$2:$C$19,0)),"") -> 회
A3: 46207 | B3: =IFERROR(INDEX(기록필요항목!$A$2:$A$19,MATCH(C3,기록필요항목!$C$2:$C$19,0)),"") -> 하체 | C3: 제자리 멀리뛰기 | D3: 190 | E3: =IFERROR(INDEX(기록필요항목!$D$2:$D$19,MATCH(C3,기록필요항목!$C$2:$C$19,0)),"") -> cm
A4: 46221 | B4: =IFERROR(INDEX(기록필요항목!$A$2:$A$19,MATCH(C4,기록필요항목!$C$2:$C$19,0)),"") -> 상체(가슴/팔) | C4: 팔굽혀펴기 최대횟수 | D4: 28 | E4: =IFERROR(INDEX(기록필요항목!$D$2:$D$19,MATCH(C4,기록필요항목!$C$2:$C$19,0)),"") -> 회
A5: 46221 | B5: =IFERROR(INDEX(기록필요항목!$A$2:$A$19,MATCH(C5,기록필요항목!$C$2:$C$19,0)),"") -> 코어 | C5: 플랭크 최대 유지시간 | D5: 65 | E5: =IFERROR(INDEX(기록필요항목!$D$2:$D$19,MATCH(C5,기록필요항목!$C$2:$C$19,0)),"") -> 초
B6: =IFERROR(INDEX(기록필요항목!$A$2:$A$19,MATCH(C6,기록필요항목!$C$2:$C$19,0)),"") | E6: =IFERROR(INDEX(기록필요항목!$D$2:$D$19,MATCH(C6,기록필요항목!$C$2:$C$19,0)),"")
B7: =IFERROR(INDEX(기록필요항목!$A$2:$A$19,MATCH(C7,기록필요항목!$C$2:$C$19,0)),"") | E7: =IFERROR(INDEX(기록필요항목!$D$2:$D$19,MATCH(C7,기록필요항목!$C$2:$C$19,0)),"")
B8: =IFERROR(INDEX(기록필요항목!$A$2:$A$19,MATCH(C8,기록필요항목!$C$2:$C$19,0)),"") | E8: =IFERROR(INDEX(기록필요항목!$D$2:$D$19,MATCH(C8,기록필요항목!$C$2:$C$19,0)),"")
B9: =IFERROR(INDEX(기록필요항목!$A$2:$A$19,MATCH(C9,기록필요항목!$C$2:$C$19,0)),"") | E9: =IFERROR(INDEX(기록필요항목!$D$2:$D$19,MATCH(C9,기록필요항목!$C$2:$C$19,0)),"")
B10: =IFERROR(INDEX(기록필요항목!$A$2:$A$19,MATCH(C10,기록필요항목!$C$2:$C$19,0)),"") | E10: =IFERROR(INDEX(기록필요항목!$D$2:$D$19,MATCH(C10,기록필요항목!$C$2:$C$19,0)),"")
B11: =IFERROR(INDEX(기록필요항목!$A$2:$A$19,MATCH(C11,기록필요항목!$C$2:$C$19,0)),"") | E11: =IFERROR(INDEX(기록필요항목!$D$2:$D$19,MATCH(C11,기록필요항목!$C$2:$C$19,0)),"")
B12: =IFERROR(INDEX(기록필요항목!$A$2:$A$19,MATCH(C12,기록필요항목!$C$2:$C$19,0)),"") | E12: =IFERROR(INDEX(기록필요항목!$D$2:$D$19,MATCH(C12,기록필요항목!$C$2:$C$19,0)),"")
B13: =IFERROR(INDEX(기록필요항목!$A$2:$A$19,MATCH(C13,기록필요항목!$C$2:$C$19,0)),"") | E13: =IFERROR(INDEX(기록필요항목!$D$2:$D$19,MATCH(C13,기록필요항목!$C$2:$C$19,0)),"")
B14: =IFERROR(INDEX(기록필요항목!$A$2:$A$19,MATCH(C14,기록필요항목!$C$2:$C$19,0)),"") | E14: =IFERROR(INDEX(기록필요항목!$D$2:$D$19,MATCH(C14,기록필요항목!$C$2:$C$19,0)),"")
B15: =IFERROR(INDEX(기록필요항목!$A$2:$A$19,MATCH(C15,기록필요항목!$C$2:$C$19,0)),"") | E15: =IFERROR(INDEX(기록필요항목!$D$2:$D$19,MATCH(C15,기록필요항목!$C$2:$C$19,0)),"")
B16: =IFERROR(INDEX(기록필요항목!$A$2:$A$19,MATCH(C16,기록필요항목!$C$2:$C$19,0)),"") | E16: =IFERROR(INDEX(기록필요항목!$D$2:$D$19,MATCH(C16,기록필요항목!$C$2:$C$19,0)),"")
B17: =IFERROR(INDEX(기록필요항목!$A$2:$A$19,MATCH(C17,기록필요항목!$C$2:$C$19,0)),"") | E17: =IFERROR(INDEX(기록필요항목!$D$2:$D$19,MATCH(C17,기록필요항목!$C$2:$C$19,0)),"")
... B200: =IFERROR(INDEX(기록필요항목!$A$2:$A$19,MATCH(C200,기록필요항목!$C$2:$C$19,0)),"") | E200: =IFERROR(INDEX(기록필요항목!$D$2:$D$19,MATCH(C200,기록필요항목!$C$2:$C$19,0)),"")

Sheet 최근기록요약
A1: 부위 | B1: PAPS 체력요소 | C1: 측정 항목 | D1: 단위 | E1: 최신 측정값 | F1: 최신 측정일 | G1: 목표값(직접입력) | H1: 달성률(%)
A2: 전신(심폐) | B2: 심폐지구력 | C2: 왕복오래달리기(셔틀런) | D2: 회 | E2: =IF(F2="","",SUMPRODUCT((기록입력!$C$2:$C$200=C2)*(기록입력!$A$2:$A$200=F2)*기록입력!$D$2:$D$200)) | F2: =IFERROR(IF(_xlfn.MAXIFS(기록입력!$A$2:$A$200,기록입력!$C$2:$C$200,C2)=0,"",_xlfn.MAXIFS(기록입력!$A$2:$A$200,기록입력!$C$2:$C$200,C2)),"") | H2: =IFERROR(IF(OR(E2="",G2=""),"",E2/G2*100),"")
A3: 전신(심폐) | B3: 심폐지구력 | C3: 오래달리기-걷기 | D3: 분:초 | E3: =IF(F3="","",SUMPRODUCT((기록입력!$C$2:$C$200=C3)*(기록입력!$A$2:$A$200=F3)*기록입력!$D$2:$D$200)) | F3: =IFERROR(IF(_xlfn.MAXIFS(기록입력!$A$2:$A$200,기록입력!$C$2:$C$200,C3)=0,"",_xlfn.MAXIFS(기록입력!$A$2:$A$200,기록입력!$C$2:$C$200,C3)),"") | H3: =IFERROR(IF(OR(E3="",G3=""),"",E3/G3*100),"")
A4: 전신(심폐) | B4: 심폐지구력 | C4: 스텝검사(PACER) | D4: 단계 | E4: =IF(F4="","",SUMPRODUCT((기록입력!$C$2:$C$200=C4)*(기록입력!$A$2:$A$200=F4)*기록입력!$D$2:$D$200)) | F4: =IFERROR(IF(_xlfn.MAXIFS(기록입력!$A$2:$A$200,기록입력!$C$2:$C$200,C4)=0,"",_xlfn.MAXIFS(기록입력!$A$2:$A$200,기록입력!$C$2:$C$200,C4)),"") | H4: =IFERROR(IF(OR(E4="",G4=""),"",E4/G4*100),"")
A5: 하체/허리 | B5: 유연성 | C5: 앉아윗몸앞으로굽히기 | D5: cm | E5: =IF(F5="","",SUMPRODUCT((기록입력!$C$2:$C$200=C5)*(기록입력!$A$2:$A$200=F5)*기록입력!$D$2:$D$200)) | F5: =IFERROR(IF(_xlfn.MAXIFS(기록입력!$A$2:$A$200,기록입력!$C$2:$C$200,C5)=0,"",_xlfn.MAXIFS(기록입력!$A$2:$A$200,기록입력!$C$2:$C$200,C5)),"") | H5: =IFERROR(IF(OR(E5="",G5=""),"",E5/G5*100),"")
A6: 팔/손 | B6: 근력·근지구력 | C6: 악력(좌) | D6: kg | E6: =IF(F6="","",SUMPRODUCT((기록입력!$C$2:$C$200=C6)*(기록입력!$A$2:$A$200=F6)*기록입력!$D$2:$D$200)) | F6: =IFERROR(IF(_xlfn.MAXIFS(기록입력!$A$2:$A$200,기록입력!$C$2:$C$200,C6)=0,"",_xlfn.MAXIFS(기록입력!$A$2:$A$200,기록입력!$C$2:$C$200,C6)),"") | H6: =IFERROR(IF(OR(E6="",G6=""),"",E6/G6*100),"")
A7: 팔/손 | B7: 근력·근지구력 | C7: 악력(우) | D7: kg | E7: =IF(F7="","",SUMPRODUCT((기록입력!$C$2:$C$200=C7)*(기록입력!$A$2:$A$200=F7)*기록입력!$D$2:$D$200)) | F7: =IFERROR(IF(_xlfn.MAXIFS(기록입력!$A$2:$A$200,기록입력!$C$2:$C$200,C7)=0,"",_xlfn.MAXIFS(기록입력!$A$2:$A$200,기록입력!$C$2:$C$200,C7)),"") | H7: =IFERROR(IF(OR(E7="",G7=""),"",E7/G7*100),"")
A8: 상체(가슴/팔) | B8: 근력·근지구력 | C8: 팔굽혀펴기 최대횟수 | D8: 회 | E8: =IF(F8="","",SUMPRODUCT((기록입력!$C$2:$C$200=C8)*(기록입력!$A$2:$A$200=F8)*기록입력!$D$2:$D$200)) -> 28 | F8: =IFERROR(IF(_xlfn.MAXIFS(기록입력!$A$2:$A$200,기록입력!$C$2:$C$200,C8)=0,"",_xlfn.MAXIFS(기록입력!$A$2:$A$200,기록입력!$C$2:$C$200,C8)),"") -> 46221 | H8: =IFERROR(IF(OR(E8="",G8=""),"",E8/G8*100),"")
A9: 코어 | B9: 근력·근지구력 | C9: 윗몸말아올리기 | D9: 회 | E9: =IF(F9="","",SUMPRODUCT((기록입력!$C$2:$C$200=C9)*(기록입력!$A$2:$A$200=F9)*기록입력!$D$2:$D$200)) | F9: =IFERROR(IF(_xlfn.MAXIFS(기록입력!$A$2:$A$200,기록입력!$C$2:$C$200,C9)=0,"",_xlfn.MAXIFS(기록입력!$A$2:$A$200,기록입력!$C$2:$C$200,C9)),"") | H9: =IFERROR(IF(OR(E9="",G9=""),"",E9/G9*100),"")
A10: 코어 | B10: 근력·근지구력 | C10: 플랭크 최대 유지시간 | D10: 초 | E10: =IF(F10="","",SUMPRODUCT((기록입력!$C$2:$C$200=C10)*(기록입력!$A$2:$A$200=F10)*기록입력!$D$2:$D$200)) -> 65 | F10: =IFERROR(IF(_xlfn.MAXIFS(기록입력!$A$2:$A$200,기록입력!$C$2:$C$200,C10)=0,"",_xlfn.MAXIFS(기록입력!$A$2:$A$200,기록입력!$C$2:$C$200,C10)),"") -> 46221 | H10: =IFERROR(IF(OR(E10="",G10=""),"",E10/G10*100),"")
A11: 하체 | B11: 순발력 | C11: 제자리 멀리뛰기 | D11: cm | E11: =IF(F11="","",SUMPRODUCT((기록입력!$C$2:$C$200=C11)*(기록입력!$A$2:$A$200=F11)*기록입력!$D$2:$D$200)) -> 190 | F11: =IFERROR(IF(_xlfn.MAXIFS(기록입력!$A$2:$A$200,기록입력!$C$2:$C$200,C11)=0,"",_xlfn.MAXIFS(기록입력!$A$2:$A$200,기록입력!$C$2:$C$200,C11)),"") -> 46207 | H11: =IFERROR(IF(OR(E11="",G11=""),"",E11/G11*100),"")
A12: 전신 | B12: 신체조성 | C12: 체중 | D12: kg | E12: =IF(F12="","",SUMPRODUCT((기록입력!$C$2:$C$200=C12)*(기록입력!$A$2:$A$200=F12)*기록입력!$D$2:$D$200)) | F12: =IFERROR(IF(_xlfn.MAXIFS(기록입력!$A$2:$A$200,기록입력!$C$2:$C$200,C12)=0,"",_xlfn.MAXIFS(기록입력!$A$2:$A$200,기록입력!$C$2:$C$200,C12)),"") | H12: =IFERROR(IF(OR(E12="",G12=""),"",E12/G12*100),"")
A13: 전신 | B13: 신체조성 | C13: BMI | D13: kg/m² | E13: =IF(F13="","",SUMPRODUCT((기록입력!$C$2:$C$200=C13)*(기록입력!$A$2:$A$200=F13)*기록입력!$D$2:$D$200)) | F13: =IFERROR(IF(_xlfn.MAXIFS(기록입력!$A$2:$A$200,기록입력!$C$2:$C$200,C13)=0,"",_xlfn.MAXIFS(기록입력!$A$2:$A$200,기록입력!$C$2:$C$200,C13)),"") | H13: =IFERROR(IF(OR(E13="",G13=""),"",E13/G13*100),"")
... A19: 팔(보충) | B19: 근력·근지구력(보충) | C19: 딥스 최대횟수 | D19: 회 | E19: =IF(F19="","",SUMPRODUCT((기록입력!$C$2:$C$200=C19)*(기록입력!$A$2:$A$200=F19)*기록입력!$D$2:$D$200)) | F19: =IFERROR(IF(_xlfn.MAXIFS(기록입력!$A$2:$A$200,기록입력!$C$2:$C$200,C19)=0,"",_xlfn.MAXIFS(기록입력!$A$2:$A$200,기록입력!$C$2:$C$200,C19)),"") | H19: =IFERROR(IF(OR(E19="",G19=""),"",E19/G19*100),"")
A21: ※ 목표값(노란 셀)을 직접 입력하면 달성률(%)이 자동 계산됩니다.
A22: ※ '기록입력' 시트에 새 기록을 추가하면 이 시트가 자동으로 최신값을 반영합니다.
